               epoch,      train/box_loss,      train/obj_loss,      train/cls_loss,   metrics/precision,      metrics/recall,     metrics/mAP_0.5,metrics/mAP_0.5:0.95,        val/box_loss,        val/obj_loss,        val/cls_loss,               x/lr0,               x/lr1,               x/lr2
                   0,            0.091932,            0.029036,            0.036543,             0.36957,             0.49645,             0.40663,             0.16927,            0.049723,             0.01492,            0.031427,            0.070238,           0.0033069,           0.0033069
                   1,            0.062055,            0.020111,            0.023627,             0.52466,             0.66196,             0.59381,             0.25831,            0.051708,            0.011823,            0.015368,            0.040216,           0.0066183,           0.0066183
                   2,            0.060667,            0.017359,            0.010829,             0.75368,             0.71416,             0.79485,             0.43754,            0.047921,            0.011487,            0.004131,            0.010172,           0.0099077,           0.0099077
                   3,            0.050751,            0.016411,           0.0048597,             0.91594,              0.8376,             0.90425,              0.5582,            0.036995,            0.010547,            0.003447,            0.009901,            0.009901,            0.009901
                   4,            0.042908,             0.01551,           0.0036397,             0.91231,             0.87266,             0.91913,             0.53899,            0.035327,           0.0094962,           0.0026256,            0.009901,            0.009901,            0.009901
                   5,            0.038917,            0.014455,           0.0033709,             0.95817,             0.88165,             0.93566,             0.60554,            0.031712,           0.0094523,           0.0024097,            0.009868,            0.009868,            0.009868
                   6,            0.036636,            0.014174,           0.0030632,              0.9828,             0.89837,             0.95111,             0.66205,            0.027425,           0.0084777,           0.0017337,            0.009835,            0.009835,            0.009835
                   7,            0.034543,            0.013733,           0.0027936,             0.96891,             0.91171,             0.94939,             0.68828,            0.024048,           0.0081148,           0.0019565,            0.009802,            0.009802,            0.009802
                   8,            0.032719,               0.013,           0.0026844,             0.97749,             0.92284,             0.94861,             0.70134,            0.024137,           0.0078855,           0.0019352,            0.009769,            0.009769,            0.009769
                   9,            0.031856,            0.013073,           0.0024279,             0.98134,             0.91052,             0.94792,             0.67452,            0.024707,           0.0078115,            0.001774,            0.009736,            0.009736,            0.009736
                  10,            0.030762,            0.012745,           0.0024375,             0.98524,             0.92171,             0.95439,             0.72605,            0.020741,           0.0077226,           0.0021158,            0.009703,            0.009703,            0.009703
                  11,            0.029702,            0.012404,           0.0021884,             0.96935,             0.91926,             0.94714,              0.7531,            0.020289,           0.0074191,           0.0025444,             0.00967,             0.00967,             0.00967
                  12,            0.028911,            0.012173,           0.0021577,             0.97181,             0.92864,             0.95468,             0.74623,            0.019476,           0.0070758,           0.0016317,            0.009637,            0.009637,            0.009637
                  13,            0.028145,             0.01201,           0.0021239,             0.98915,              0.9275,             0.95485,              0.7471,            0.019263,           0.0070496,           0.0016863,            0.009604,            0.009604,            0.009604
                  14,            0.027659,            0.011833,           0.0019372,             0.97752,             0.92469,             0.95011,              0.7526,            0.018804,            0.006954,           0.0017197,            0.009571,            0.009571,            0.009571
                  15,            0.026569,            0.011576,            0.001856,             0.96973,             0.92552,             0.95769,             0.77162,            0.017474,           0.0068848,           0.0015494,            0.009538,            0.009538,            0.009538
                  16,            0.026569,            0.011686,           0.0017326,             0.99173,             0.93988,             0.96735,             0.78265,            0.016585,           0.0065079,           0.0012855,            0.009505,            0.009505,            0.009505
                  17,             0.02604,            0.011337,           0.0017069,             0.99282,             0.92248,             0.96177,             0.77982,            0.017495,           0.0065556,           0.0016414,            0.009472,            0.009472,            0.009472
                  18,            0.025306,            0.011028,           0.0018432,             0.97566,              0.9339,              0.9607,             0.77615,            0.016429,            0.006216,           0.0023859,            0.009439,            0.009439,            0.009439
                  19,            0.024847,            0.011109,            0.001808,             0.99108,             0.93727,             0.96436,             0.78421,            0.016434,           0.0062904,           0.0015857,            0.009406,            0.009406,            0.009406
                  20,            0.024631,            0.011102,           0.0017097,             0.99579,             0.94141,             0.96433,             0.79405,            0.015886,           0.0061772,           0.0010976,            0.009373,            0.009373,            0.009373
                  21,            0.023536,            0.010583,            0.001563,             0.99542,             0.93562,             0.96264,             0.80292,            0.015753,           0.0059814,           0.0013358,             0.00934,             0.00934,             0.00934
                  22,            0.023301,            0.010537,           0.0015311,             0.99079,             0.94603,             0.96642,             0.79909,            0.015325,           0.0058277,           0.0010985,            0.009307,            0.009307,            0.009307
                  23,            0.023324,            0.010728,           0.0014085,             0.98667,             0.93972,              0.9643,              0.8047,            0.015027,           0.0059433,           0.0014379,            0.009274,            0.009274,            0.009274
                  24,             0.02284,            0.010377,           0.0014108,             0.98845,             0.94066,             0.96484,             0.80401,            0.015317,           0.0057631,           0.0010818,            0.009241,            0.009241,            0.009241
                  25,            0.022504,            0.010436,           0.0014775,               0.987,             0.94658,             0.96677,             0.81884,            0.014548,            0.005723,           0.0013771,            0.009208,            0.009208,            0.009208
                  26,            0.022418,            0.010351,            0.001646,             0.99145,             0.93639,             0.96597,             0.80077,            0.015561,           0.0060911,           0.0013944,            0.009175,            0.009175,            0.009175
                  27,             0.02236,            0.010123,            0.001424,             0.97995,              0.9462,             0.96731,             0.79706,            0.015655,           0.0062201,           0.0010883,            0.009142,            0.009142,            0.009142
                  28,            0.021868,            0.010172,           0.0015036,             0.97989,              0.9406,             0.96546,             0.80988,            0.014713,           0.0056694,           0.0012887,            0.009109,            0.009109,            0.009109
                  29,            0.021611,            0.010065,           0.0013637,             0.98007,             0.95144,             0.96502,              0.8171,            0.014538,           0.0056136,          0.00097801,            0.009076,            0.009076,            0.009076
                  30,             0.02112,           0.0098352,           0.0012074,              0.9825,             0.93482,              0.9658,             0.81914,            0.013332,            0.005429,           0.0015617,            0.009043,            0.009043,            0.009043
                  31,            0.021343,           0.0097901,           0.0014695,             0.99226,             0.94584,             0.96956,             0.82387,            0.013494,            0.005456,           0.0011617,             0.00901,             0.00901,             0.00901
                  32,            0.021002,           0.0098484,           0.0012527,             0.98664,             0.95373,             0.97348,             0.82411,             0.01351,           0.0053661,          0.00088454,            0.008977,            0.008977,            0.008977
                  33,            0.020692,           0.0097987,           0.0014107,             0.97667,             0.95039,             0.96816,             0.81949,             0.01404,           0.0055099,           0.0010607,            0.008944,            0.008944,            0.008944
                  34,            0.020452,            0.009738,           0.0012124,             0.97964,             0.94592,               0.971,             0.83295,            0.012754,           0.0053017,           0.0010463,            0.008911,            0.008911,            0.008911
                  35,            0.020542,           0.0096413,           0.0011554,             0.98392,             0.93556,             0.96771,             0.83274,            0.013232,           0.0052586,           0.0012678,            0.008878,            0.008878,            0.008878
                  36,             0.02042,           0.0097452,           0.0012569,             0.99739,             0.94863,             0.96482,             0.82835,            0.013529,           0.0052621,          0.00079027,            0.008845,            0.008845,            0.008845
                  37,            0.020181,           0.0094196,           0.0011869,             0.99541,             0.95613,             0.97094,             0.83728,            0.012475,            0.005028,          0.00082959,            0.008812,            0.008812,            0.008812
                  38,            0.020214,           0.0094634,           0.0011811,             0.98171,             0.94724,             0.97131,             0.83329,            0.013158,           0.0052161,           0.0014293,            0.008779,            0.008779,            0.008779
                  39,             0.01972,           0.0091996,           0.0010993,             0.98958,             0.95352,             0.97523,             0.82736,            0.013053,           0.0052156,          0.00081872,            0.008746,            0.008746,            0.008746
                  40,            0.019885,           0.0095022,             0.00112,             0.98589,             0.94989,             0.97168,             0.83511,            0.012603,           0.0050955,           0.0011376,            0.008713,            0.008713,            0.008713
                  41,            0.019489,            0.009388,           0.0011163,             0.99303,             0.94436,             0.97085,             0.84557,            0.012348,           0.0051889,          0.00093614,             0.00868,             0.00868,             0.00868
                  42,            0.019491,           0.0092103,           0.0011068,             0.99513,             0.94466,             0.97062,             0.84268,            0.012517,           0.0050821,            0.000803,            0.008647,            0.008647,            0.008647
                  43,            0.019212,           0.0090432,           0.0010875,             0.98272,             0.95594,             0.96937,             0.84055,            0.012082,           0.0050271,          0.00093929,            0.008614,            0.008614,            0.008614
                  44,            0.019045,             0.00919,          0.00099057,             0.99609,             0.95193,             0.97622,             0.84536,             0.01228,           0.0049853,          0.00089827,            0.008581,            0.008581,            0.008581
                  45,            0.018981,           0.0091027,           0.0010105,             0.99006,             0.95887,             0.97144,             0.84069,            0.012365,           0.0048947,          0.00065253,            0.008548,            0.008548,            0.008548
                  46,            0.018929,           0.0091477,           0.0011006,             0.99443,             0.94483,             0.96756,             0.84713,            0.012164,           0.0050659,           0.0011383,            0.008515,            0.008515,            0.008515
                  47,            0.018765,            0.009035,           0.0010664,             0.99203,             0.94646,             0.97272,             0.85455,            0.011866,           0.0048978,          0.00084558,            0.008482,            0.008482,            0.008482
                  48,            0.018504,           0.0088467,           0.0010969,             0.98983,             0.94997,             0.97675,             0.85001,            0.012069,           0.0047953,           0.0007223,            0.008449,            0.008449,            0.008449
                  49,            0.018993,           0.0089912,           0.0011175,             0.99195,             0.95245,             0.97501,             0.84153,            0.012341,           0.0049365,          0.00099031,            0.008416,            0.008416,            0.008416
                  50,             0.01868,           0.0088853,           0.0010043,             0.99186,             0.94955,             0.97377,             0.85376,            0.011782,           0.0048656,          0.00080159,            0.008383,            0.008383,            0.008383
                  51,            0.018301,           0.0090484,           0.0010142,             0.98202,             0.95932,             0.97367,             0.85606,            0.011522,           0.0047987,           0.0010643,             0.00835,             0.00835,             0.00835
                  52,            0.018377,           0.0087673,           0.0010361,             0.98866,             0.95607,             0.97715,              0.8566,            0.011691,           0.0047398,          0.00088327,            0.008317,            0.008317,            0.008317
                  53,            0.018282,           0.0088547,          0.00094758,             0.99433,             0.94896,             0.97524,             0.85528,            0.011346,           0.0047104,          0.00094054,            0.008284,            0.008284,            0.008284
                  54,            0.017937,           0.0086878,          0.00097619,             0.98518,             0.95333,             0.97617,             0.86232,            0.011241,           0.0046649,           0.0010191,            0.008251,            0.008251,            0.008251
                  55,            0.018094,              0.0089,          0.00086065,             0.99198,             0.94839,             0.97531,             0.86538,             0.01121,           0.0046172,          0.00084044,            0.008218,            0.008218,            0.008218
                  56,            0.018124,           0.0088287,          0.00093349,             0.97701,             0.95485,             0.97406,             0.85931,            0.011182,           0.0047219,           0.0011163,            0.008185,            0.008185,            0.008185
                  57,            0.017835,           0.0085505,          0.00096352,             0.99445,              0.9567,             0.97694,             0.86163,            0.011056,           0.0044494,          0.00076749,            0.008152,            0.008152,            0.008152
                  58,            0.017655,           0.0084885,          0.00099966,             0.97984,             0.96278,              0.9752,             0.86268,             0.01111,           0.0045688,          0.00084033,            0.008119,            0.008119,            0.008119
                  59,            0.017571,           0.0085165,          0.00087558,             0.98343,             0.95912,             0.97628,              0.8601,            0.011053,           0.0045745,          0.00085019,            0.008086,            0.008086,            0.008086
                  60,            0.017637,           0.0085738,          0.00092346,              0.9913,             0.94982,             0.97472,              0.8644,            0.010973,           0.0045378,          0.00092117,            0.008053,            0.008053,            0.008053
                  61,             0.01747,            0.008461,          0.00092445,             0.99016,             0.94617,              0.9758,             0.86951,            0.011049,           0.0045791,          0.00093495,             0.00802,             0.00802,             0.00802
                  62,            0.017566,           0.0085646,          0.00082643,             0.99394,             0.95485,             0.97736,             0.86575,            0.010867,           0.0044608,          0.00068374,            0.007987,            0.007987,            0.007987
                  63,            0.017158,           0.0084489,          0.00091519,             0.98026,             0.96082,             0.97408,             0.86665,            0.010757,           0.0045397,           0.0009863,            0.007954,            0.007954,            0.007954
                  64,            0.017319,           0.0084214,           0.0010419,             0.98985,              0.9503,             0.97182,             0.86692,            0.010747,           0.0045562,           0.0011951,            0.007921,            0.007921,            0.007921
                  65,            0.017441,           0.0084883,          0.00094003,               0.988,             0.96234,             0.97696,             0.86963,            0.010506,           0.0044107,           0.0008442,            0.007888,            0.007888,            0.007888
                  66,            0.017338,            0.008507,          0.00096432,             0.98404,             0.96201,             0.97674,             0.87253,            0.010705,           0.0043931,          0.00094417,            0.007855,            0.007855,            0.007855
                  67,            0.017396,           0.0086255,            0.001061,             0.98851,             0.96118,              0.9746,             0.87174,            0.010226,           0.0043173,          0.00086436,            0.007822,            0.007822,            0.007822
                  68,            0.017083,           0.0084095,          0.00075094,             0.99021,             0.96138,             0.97952,             0.87179,              0.0105,           0.0044003,          0.00092716,            0.007789,            0.007789,            0.007789
                  69,            0.016972,           0.0083633,          0.00086884,             0.99114,             0.95162,             0.97884,             0.87371,             0.01026,           0.0044615,          0.00096187,            0.007756,            0.007756,            0.007756
                  70,            0.017059,           0.0082707,          0.00078151,             0.99365,             0.95607,              0.9781,             0.87517,            0.010558,           0.0044239,          0.00079896,            0.007723,            0.007723,            0.007723
                  71,            0.017006,           0.0083174,          0.00084969,             0.99126,             0.95458,             0.97486,             0.87597,            0.010262,           0.0043616,          0.00094628,             0.00769,             0.00769,             0.00769
                  72,            0.017035,           0.0083393,           0.0009396,             0.97596,             0.97053,             0.97943,             0.87134,            0.010427,           0.0043759,          0.00082319,            0.007657,            0.007657,            0.007657
                  73,            0.016823,            0.008276,          0.00095562,             0.98276,             0.96297,             0.97929,             0.87874,            0.010178,           0.0042863,          0.00095454,            0.007624,            0.007624,            0.007624
                  74,            0.016759,           0.0082429,          0.00081659,             0.98183,             0.96555,             0.97855,             0.87653,            0.010153,            0.004302,          0.00089406,            0.007591,            0.007591,            0.007591
                  75,             0.01692,           0.0080498,          0.00087639,             0.99051,             0.95524,             0.97812,             0.87688,            0.010143,           0.0042999,          0.00088376,            0.007558,            0.007558,            0.007558
                  76,            0.016777,           0.0084343,          0.00080552,             0.98639,             0.96271,             0.97414,             0.87317,             0.01038,           0.0042851,          0.00091915,            0.007525,            0.007525,            0.007525
                  77,            0.017043,           0.0082199,          0.00090457,             0.99274,             0.95406,             0.97648,             0.87949,            0.010154,           0.0042765,          0.00084601,            0.007492,            0.007492,            0.007492
                  78,            0.016809,           0.0081396,          0.00079443,             0.98534,             0.95726,             0.97868,             0.88124,           0.0099643,           0.0042808,          0.00091403,            0.007459,            0.007459,            0.007459
                  79,            0.016301,           0.0080329,          0.00082317,             0.99235,             0.95797,             0.98178,             0.88177,            0.010071,           0.0042686,          0.00078463,            0.007426,            0.007426,            0.007426
                  80,            0.016789,           0.0081143,          0.00078475,             0.99019,             0.96401,             0.97887,             0.88089,           0.0097395,           0.0041983,          0.00075645,            0.007393,            0.007393,            0.007393
                  81,            0.016395,           0.0081622,          0.00086526,              0.9841,             0.96973,             0.97639,             0.87743,            0.010232,           0.0042288,          0.00079051,             0.00736,             0.00736,             0.00736
                  82,            0.016444,           0.0083599,          0.00094166,             0.99161,             0.95621,              0.9734,              0.8775,           0.0098219,           0.0041842,          0.00097092,            0.007327,            0.007327,            0.007327
                  83,            0.016121,           0.0081276,          0.00080541,             0.99165,              0.9656,             0.97839,             0.88223,           0.0098129,            0.004148,          0.00078498,            0.007294,            0.007294,            0.007294
                  84,            0.016241,           0.0080556,          0.00073558,             0.99097,             0.95995,             0.98045,             0.88317,           0.0097361,           0.0041215,           0.0008403,            0.007261,            0.007261,            0.007261
                  85,            0.016451,           0.0080233,          0.00074805,             0.99212,             0.96641,             0.97987,             0.88479,           0.0096423,           0.0041249,          0.00082311,            0.007228,            0.007228,            0.007228
                  86,            0.016371,           0.0079599,          0.00077998,             0.98075,             0.97152,             0.98249,               0.889,           0.0096179,           0.0041089,          0.00067348,            0.007195,            0.007195,            0.007195
                  87,            0.015799,           0.0078885,          0.00082659,             0.98422,             0.96989,             0.98273,             0.88806,           0.0094853,           0.0040605,           0.0006021,            0.007162,            0.007162,            0.007162
                  88,            0.015979,           0.0081137,          0.00085559,             0.98005,             0.96618,             0.97604,              0.8867,           0.0096207,           0.0041015,          0.00082354,            0.007129,            0.007129,            0.007129
                  89,            0.016002,           0.0078144,          0.00089123,             0.99234,             0.96116,             0.97672,             0.88777,             0.00974,           0.0041566,          0.00069024,            0.007096,            0.007096,            0.007096
                  90,             0.01614,           0.0080663,          0.00087087,             0.99525,              0.9561,             0.97937,              0.8869,           0.0096216,           0.0040882,          0.00071265,            0.007063,            0.007063,            0.007063
                  91,            0.015959,           0.0078291,          0.00076764,             0.99039,             0.95636,             0.97629,             0.88364,           0.0096347,           0.0042155,          0.00073568,             0.00703,             0.00703,             0.00703
                  92,            0.016101,           0.0079589,          0.00093955,             0.98813,             0.96528,             0.97859,             0.88907,           0.0098335,           0.0041304,          0.00072349,            0.006997,            0.006997,            0.006997
                  93,            0.016065,           0.0079352,          0.00073266,               0.991,             0.96022,             0.98139,             0.88816,            0.009483,            0.004055,          0.00060642,            0.006964,            0.006964,            0.006964
                  94,            0.015797,           0.0080872,          0.00075785,             0.99476,             0.95913,             0.97944,             0.88922,           0.0094027,           0.0040703,          0.00066115,            0.006931,            0.006931,            0.006931
                  95,            0.015825,           0.0079709,          0.00073177,             0.99335,             0.95302,             0.98101,             0.89156,           0.0094242,           0.0040581,          0.00065039,            0.006898,            0.006898,            0.006898
                  96,            0.015576,           0.0078439,          0.00074591,             0.99293,             0.95998,             0.97917,             0.89414,           0.0089623,           0.0039701,          0.00068985,            0.006865,            0.006865,            0.006865
                  97,            0.015814,           0.0079258,           0.0006898,             0.98215,             0.96855,             0.98027,             0.89078,           0.0092454,           0.0040324,          0.00065183,            0.006832,            0.006832,            0.006832
                  98,            0.015611,           0.0077981,          0.00069954,             0.98891,             0.96456,             0.98247,             0.89895,            0.009166,           0.0039268,          0.00065455,            0.006799,            0.006799,            0.006799
                  99,            0.015583,           0.0079521,          0.00068248,             0.99413,             0.95672,             0.97965,             0.89573,           0.0090563,           0.0039358,          0.00070097,            0.006766,            0.006766,            0.006766
                 100,            0.015359,           0.0078284,          0.00079138,             0.98755,             0.96484,             0.98081,             0.89416,           0.0092319,           0.0039251,          0.00075468,            0.006733,            0.006733,            0.006733
                 101,             0.01567,           0.0077236,          0.00073214,             0.98218,             0.96138,             0.98089,             0.89294,           0.0092878,           0.0038891,          0.00082601,              0.0067,              0.0067,              0.0067
                 102,            0.015662,           0.0078242,          0.00079064,             0.99279,             0.95637,             0.98208,             0.89718,           0.0091927,           0.0038533,          0.00069861,            0.006667,            0.006667,            0.006667
                 103,            0.015333,           0.0077676,           0.0006801,             0.99381,             0.95907,             0.98272,             0.89436,           0.0092795,           0.0038319,          0.00072481,            0.006634,            0.006634,            0.006634
                 104,            0.015241,           0.0078029,          0.00073035,             0.98995,             0.96443,             0.98274,             0.89953,           0.0090957,           0.0039027,          0.00067239,            0.006601,            0.006601,            0.006601
                 105,            0.015402,           0.0077633,          0.00071878,             0.98648,             0.96821,             0.98122,             0.89301,           0.0091194,           0.0039566,          0.00075506,            0.006568,            0.006568,            0.006568
                 106,            0.015365,           0.0075367,          0.00075413,             0.99318,              0.9596,             0.98133,             0.89567,           0.0088834,           0.0039153,          0.00074123,            0.006535,            0.006535,            0.006535
                 107,            0.015124,           0.0078376,          0.00085372,             0.99567,               0.959,             0.98133,              0.9003,           0.0090482,           0.0038382,          0.00066837,            0.006502,            0.006502,            0.006502
                 108,            0.015358,           0.0075981,          0.00071354,             0.99657,             0.96238,             0.98329,              0.8939,           0.0089219,           0.0038211,          0.00057359,            0.006469,            0.006469,            0.006469
                 109,            0.015205,           0.0076477,          0.00075118,             0.99372,             0.95935,             0.98194,             0.89849,           0.0087251,           0.0038495,          0.00068217,            0.006436,            0.006436,            0.006436
                 110,            0.015291,           0.0076458,          0.00068967,             0.99376,             0.95653,             0.98391,             0.89838,           0.0087293,           0.0038242,          0.00066628,            0.006403,            0.006403,            0.006403
                 111,            0.014805,            0.007412,          0.00064717,             0.99512,             0.95888,             0.98438,             0.89981,           0.0086217,           0.0037329,          0.00065049,             0.00637,             0.00637,             0.00637
                 112,            0.014707,           0.0075443,          0.00060152,             0.99544,             0.95635,              0.9817,             0.90083,           0.0086063,            0.003715,          0.00074169,            0.006337,            0.006337,            0.006337
                 113,            0.014981,           0.0076649,          0.00077164,             0.99238,             0.95933,             0.98233,             0.90365,            0.008627,           0.0037537,          0.00059893,            0.006304,            0.006304,            0.006304
                 114,            0.014539,           0.0073896,          0.00075613,             0.98383,             0.96834,             0.98147,             0.90312,           0.0085746,           0.0037305,          0.00060845,            0.006271,            0.006271,            0.006271
                 115,            0.014844,           0.0076742,          0.00081482,             0.99446,             0.95709,             0.98237,             0.90195,           0.0085951,           0.0036806,          0.00066335,            0.006238,            0.006238,            0.006238
                 116,            0.014449,           0.0074078,          0.00064784,             0.98519,             0.96966,              0.9828,             0.89788,           0.0085589,           0.0036639,          0.00070104,            0.006205,            0.006205,            0.006205
                 117,            0.014327,           0.0072442,          0.00062747,             0.99566,              0.9571,             0.98224,             0.90225,           0.0084639,           0.0036728,          0.00065824,            0.006172,            0.006172,            0.006172
                 118,            0.015041,           0.0075128,           0.0006578,             0.99384,             0.95812,             0.98129,             0.90202,           0.0084688,           0.0036893,          0.00075131,            0.006139,            0.006139,            0.006139
                 119,            0.014544,           0.0074314,          0.00072032,             0.98076,             0.96833,             0.98088,             0.89749,           0.0086014,           0.0037322,           0.0008189,            0.006106,            0.006106,            0.006106
                 120,            0.014629,           0.0073884,          0.00063454,             0.97671,             0.97591,             0.97831,             0.89835,           0.0083805,           0.0036787,          0.00074106,            0.006073,            0.006073,            0.006073
                 121,            0.014059,           0.0072557,          0.00063757,              0.9954,             0.95484,             0.98195,             0.89813,           0.0083668,           0.0036354,          0.00068989,             0.00604,             0.00604,             0.00604
                 122,            0.014276,           0.0071627,          0.00062904,             0.98814,              0.9616,             0.98255,             0.90145,           0.0082756,           0.0036156,          0.00071973,            0.006007,            0.006007,            0.006007
                 123,            0.014301,           0.0072928,          0.00073503,             0.98722,             0.96461,             0.98222,             0.90715,           0.0081708,           0.0035987,          0.00077705,            0.005974,            0.005974,            0.005974
                 124,            0.014338,           0.0073025,          0.00063419,             0.99401,             0.95433,             0.97921,             0.90524,           0.0080934,           0.0035822,          0.00080183,            0.005941,            0.005941,            0.005941
                 125,            0.014397,           0.0071885,          0.00068734,             0.98799,             0.96474,             0.98149,             0.90788,           0.0080565,           0.0035288,          0.00075761,            0.005908,            0.005908,            0.005908
                 126,            0.014117,           0.0072822,          0.00066537,             0.98516,             0.96229,             0.98244,             0.90292,            0.008088,           0.0035458,          0.00077158,            0.005875,            0.005875,            0.005875
                 127,            0.013941,           0.0072178,          0.00066878,             0.99104,             0.96107,             0.98283,             0.90622,           0.0080445,           0.0035036,          0.00076513,            0.005842,            0.005842,            0.005842
                 128,            0.014146,           0.0070534,           0.0006322,             0.98612,             0.96638,             0.98372,             0.90536,            0.008035,           0.0035348,          0.00068162,            0.005809,            0.005809,            0.005809
                 129,            0.014052,           0.0071919,           0.0006562,              0.9791,             0.97016,             0.98457,             0.90955,           0.0080914,           0.0035022,          0.00069986,            0.005776,            0.005776,            0.005776
                 130,            0.013994,             0.00715,          0.00060819,             0.98306,             0.97047,             0.98373,             0.90618,           0.0081295,           0.0035099,          0.00072444,            0.005743,            0.005743,            0.005743
                 131,            0.013947,           0.0071567,          0.00069526,             0.99365,             0.96076,             0.98302,             0.90777,           0.0079824,            0.003476,          0.00071384,             0.00571,             0.00571,             0.00571
                 132,            0.013805,           0.0070447,          0.00060351,             0.98606,             0.96835,             0.98236,             0.90718,           0.0080837,            0.003505,          0.00071498,            0.005677,            0.005677,            0.005677
                 133,            0.013691,           0.0071539,          0.00065436,             0.98455,             0.97367,             0.98194,             0.90642,           0.0080455,           0.0034747,          0.00069666,            0.005644,            0.005644,            0.005644
                 134,             0.01362,           0.0070061,          0.00056886,             0.99294,             0.96637,             0.98205,             0.90486,           0.0080519,           0.0034426,          0.00073209,            0.005611,            0.005611,            0.005611
                 135,             0.01369,           0.0069812,          0.00063352,             0.98759,             0.96505,             0.98251,             0.90616,           0.0080389,           0.0034299,          0.00069921,            0.005578,            0.005578,            0.005578
                 136,            0.013875,           0.0070782,          0.00060788,             0.99315,             0.96262,             0.98259,             0.90983,           0.0080681,           0.0034585,          0.00070572,            0.005545,            0.005545,            0.005545
                 137,            0.013758,           0.0070553,          0.00062795,             0.97788,              0.9788,             0.98316,             0.90817,           0.0079808,           0.0034655,          0.00056357,            0.005512,            0.005512,            0.005512
                 138,            0.013738,           0.0070516,          0.00064719,             0.98043,             0.97525,             0.98281,             0.91091,           0.0079277,           0.0034481,          0.00058181,            0.005479,            0.005479,            0.005479
                 139,            0.013527,           0.0071061,          0.00056461,             0.98149,             0.97764,             0.98292,             0.90916,           0.0079389,            0.003456,          0.00060788,            0.005446,            0.005446,            0.005446
                 140,            0.013615,           0.0071053,          0.00054314,             0.99397,             0.96357,             0.98094,             0.90805,           0.0078445,           0.0034437,          0.00064285,            0.005413,            0.005413,            0.005413
                 141,            0.013275,           0.0068385,           0.0005146,             0.99335,             0.96485,             0.98129,             0.91086,           0.0077964,           0.0034252,          0.00064098,             0.00538,             0.00538,             0.00538
                 142,            0.013515,            0.006989,          0.00061705,             0.99463,              0.9611,             0.98258,             0.91362,           0.0077098,           0.0033839,          0.00066944,            0.005347,            0.005347,            0.005347
                 143,            0.013418,           0.0070308,          0.00057551,             0.98513,             0.97242,             0.98148,             0.91286,           0.0076595,           0.0033885,          0.00065926,            0.005314,            0.005314,            0.005314
                 144,            0.013336,           0.0067486,          0.00066337,             0.98048,             0.97836,             0.98217,             0.91422,           0.0077899,           0.0033947,           0.0006772,            0.005281,            0.005281,            0.005281
                 145,            0.013323,           0.0070018,          0.00059347,             0.98792,             0.96982,             0.98213,             0.91181,           0.0078568,           0.0034018,          0.00069682,            0.005248,            0.005248,            0.005248
                 146,            0.013212,           0.0068002,          0.00057696,              0.9863,             0.97129,             0.98116,              0.9117,           0.0077953,           0.0033836,          0.00071625,            0.005215,            0.005215,            0.005215
                 147,            0.013189,           0.0067568,           0.0006137,             0.99202,             0.96279,             0.98223,             0.91448,            0.007733,           0.0033777,          0.00073336,            0.005182,            0.005182,            0.005182
                 148,             0.01349,           0.0069941,          0.00066897,             0.98599,             0.96897,             0.98233,             0.91311,           0.0076573,           0.0033631,          0.00067185,            0.005149,            0.005149,            0.005149
                 149,            0.013232,            0.006934,          0.00059582,             0.99238,             0.96759,             0.98224,             0.91305,            0.007649,           0.0033498,          0.00063884,            0.005116,            0.005116,            0.005116
                 150,            0.013027,            0.006781,          0.00056007,               0.989,             0.96863,             0.98265,             0.91567,           0.0075877,            0.003353,          0.00062405,            0.005083,            0.005083,            0.005083
                 151,            0.013206,           0.0067487,          0.00058527,              0.9925,             0.96698,             0.98248,             0.91389,           0.0075742,           0.0033571,          0.00064362,             0.00505,             0.00505,             0.00505
                 152,            0.013154,           0.0069968,          0.00057812,             0.98964,             0.96648,             0.98388,             0.91701,           0.0075543,            0.003327,          0.00065284,            0.005017,            0.005017,            0.005017
                 153,            0.013031,           0.0069514,          0.00049615,             0.99136,             0.96387,             0.98334,             0.91899,           0.0075229,           0.0033224,          0.00066914,            0.004984,            0.004984,            0.004984
                 154,            0.012932,           0.0067457,          0.00049926,             0.99351,             0.96303,             0.98293,              0.9155,            0.007554,           0.0032927,          0.00065145,            0.004951,            0.004951,            0.004951
                 155,              0.0129,           0.0067584,          0.00052371,             0.98014,             0.97862,             0.98278,             0.91537,           0.0075275,           0.0032847,          0.00065444,            0.004918,            0.004918,            0.004918
                 156,            0.013025,           0.0067513,          0.00057704,             0.98574,             0.96819,             0.98285,             0.91289,           0.0075428,           0.0032907,          0.00064761,            0.004885,            0.004885,            0.004885
                 157,            0.013054,           0.0068843,          0.00053916,              0.9856,              0.9692,             0.98275,             0.91508,           0.0075358,           0.0032929,          0.00063287,            0.004852,            0.004852,            0.004852
                 158,              0.0128,           0.0066843,          0.00050347,              0.9884,             0.96886,             0.98252,             0.91578,           0.0075072,           0.0032921,          0.00063989,            0.004819,            0.004819,            0.004819
                 159,            0.012795,           0.0067206,          0.00062832,             0.97895,             0.97968,             0.98269,             0.91664,           0.0074946,            0.003291,          0.00063149,            0.004786,            0.004786,            0.004786
                 160,             0.01303,           0.0068278,          0.00056639,             0.98282,             0.97828,             0.98284,             0.91555,           0.0074789,           0.0032918,          0.00063341,            0.004753,            0.004753,            0.004753
                 161,            0.012651,            0.006765,          0.00048224,             0.99244,             0.96321,             0.98274,             0.91487,           0.0074799,            0.003298,          0.00062322,             0.00472,             0.00472,             0.00472
                 162,            0.012528,           0.0065986,          0.00059759,             0.98716,              0.9708,             0.98296,             0.91539,           0.0074445,           0.0033008,          0.00062139,            0.004687,            0.004687,            0.004687
                 163,            0.012724,           0.0065626,          0.00064946,             0.98552,              0.9711,             0.98317,             0.91511,           0.0074471,           0.0032829,          0.00063066,            0.004654,            0.004654,            0.004654
                 164,            0.012779,            0.006623,          0.00055718,             0.99396,             0.96376,              0.9831,             0.91565,           0.0074156,            0.003269,          0.00063087,            0.004621,            0.004621,            0.004621
                 165,            0.012578,           0.0065986,          0.00054844,              0.9837,             0.97194,             0.98285,             0.91882,           0.0073953,           0.0032568,          0.00065479,            0.004588,            0.004588,            0.004588
                 166,            0.012613,           0.0064941,          0.00056043,             0.98435,             0.96973,             0.98291,             0.91951,           0.0073915,           0.0032538,          0.00067603,            0.004555,            0.004555,            0.004555
                 167,            0.012468,           0.0065612,          0.00047957,             0.98243,             0.97437,             0.98264,             0.91874,            0.007402,           0.0032573,          0.00067402,            0.004522,            0.004522,            0.004522
                 168,            0.012618,           0.0067416,          0.00046382,             0.99312,             0.96436,             0.98268,             0.91679,           0.0073964,           0.0032445,          0.00065536,            0.004489,            0.004489,            0.004489
                 169,            0.012583,           0.0066393,          0.00052322,              0.9896,             0.96855,             0.98272,             0.91809,           0.0073563,           0.0032244,          0.00065533,            0.004456,            0.004456,            0.004456
                 170,            0.012493,           0.0066192,          0.00049796,             0.99261,             0.96461,             0.98264,             0.91597,           0.0073339,           0.0032133,          0.00065009,            0.004423,            0.004423,            0.004423
                 171,             0.01264,           0.0066649,          0.00056748,             0.99048,             0.97138,             0.98266,             0.91823,           0.0073103,           0.0032004,          0.00062977,             0.00439,             0.00439,             0.00439
                 172,            0.012418,           0.0065651,          0.00061505,             0.98482,             0.97244,             0.98263,             0.92068,           0.0072672,           0.0031918,           0.0006277,            0.004357,            0.004357,            0.004357
                 173,            0.012504,           0.0064443,          0.00050667,             0.98526,             0.97298,             0.98279,              0.9197,           0.0072073,           0.0031699,          0.00063687,            0.004324,            0.004324,            0.004324
                 174,            0.012378,           0.0065554,          0.00046137,             0.98871,             0.97313,             0.98269,             0.92208,           0.0071868,           0.0031523,          0.00064337,            0.004291,            0.004291,            0.004291
                 175,            0.012274,           0.0064747,          0.00048853,              0.9847,             0.97675,             0.98271,             0.91956,           0.0071799,           0.0031461,          0.00063646,            0.004258,            0.004258,            0.004258
                 176,            0.012247,           0.0064027,          0.00048002,             0.98468,             0.97677,             0.98246,             0.91779,           0.0071757,           0.0031534,          0.00063732,            0.004225,            0.004225,            0.004225
                 177,            0.012358,           0.0063797,           0.0004718,             0.98429,             0.97624,             0.98241,             0.91948,           0.0071478,           0.0031432,          0.00062842,            0.004192,            0.004192,            0.004192
                 178,            0.012481,           0.0065564,          0.00053269,             0.99158,             0.96738,             0.98235,             0.91801,           0.0071435,           0.0031483,          0.00061679,            0.004159,            0.004159,            0.004159
                 179,            0.012194,            0.006336,          0.00056618,             0.98417,             0.97578,              0.9825,             0.91977,           0.0070972,           0.0031369,          0.00062437,            0.004126,            0.004126,            0.004126
                 180,            0.012291,           0.0065254,          0.00051001,             0.98348,             0.97676,             0.98265,             0.92002,           0.0070783,           0.0031298,          0.00061154,            0.004093,            0.004093,            0.004093
                 181,             0.01218,           0.0065033,          0.00047001,             0.99283,             0.96731,             0.98281,              0.9216,           0.0070813,           0.0031353,          0.00059334,             0.00406,             0.00406,             0.00406
                 182,            0.012148,           0.0065708,          0.00047767,             0.99064,             0.96865,             0.98266,             0.92205,           0.0070961,           0.0031416,          0.00059152,            0.004027,            0.004027,            0.004027
                 183,            0.011977,             0.00635,          0.00046224,             0.98258,             0.97856,             0.98229,             0.92232,           0.0070756,           0.0031282,          0.00060268,            0.003994,            0.003994,            0.003994
                 184,            0.011834,           0.0063273,          0.00044602,             0.99194,             0.96856,             0.98218,             0.92318,           0.0070871,           0.0031215,          0.00061822,            0.003961,            0.003961,            0.003961
                 185,            0.012043,           0.0063921,          0.00047103,             0.99286,             0.96743,             0.98237,             0.92269,           0.0070835,           0.0031145,          0.00061671,            0.003928,            0.003928,            0.003928
                 186,            0.011959,           0.0063722,          0.00047146,             0.99277,             0.97019,             0.98243,             0.92373,           0.0070878,           0.0031071,           0.0006038,            0.003895,            0.003895,            0.003895
                 187,            0.011865,           0.0063161,          0.00046589,             0.99236,             0.97052,             0.98254,             0.92288,           0.0070843,           0.0031012,          0.00058759,            0.003862,            0.003862,            0.003862
                 188,            0.011981,           0.0062734,           0.0004311,             0.99352,             0.97021,              0.9828,             0.92229,           0.0070966,           0.0031023,          0.00057578,            0.003829,            0.003829,            0.003829
                 189,            0.011932,           0.0060926,           0.0005135,             0.99166,             0.97175,             0.98262,             0.92253,           0.0070932,            0.003095,          0.00057663,            0.003796,            0.003796,            0.003796
                 190,            0.011773,           0.0062157,          0.00051193,             0.98823,             0.97652,              0.9827,             0.92076,           0.0070861,           0.0030816,          0.00057677,            0.003763,            0.003763,            0.003763
                 191,            0.011653,           0.0061476,          0.00045726,             0.98824,             0.97715,             0.98265,             0.92142,           0.0070693,            0.003071,          0.00057648,             0.00373,             0.00373,             0.00373
                 192,            0.012013,            0.006379,          0.00047715,             0.98511,             0.97949,             0.98267,             0.92076,           0.0070682,           0.0030644,          0.00057128,            0.003697,            0.003697,            0.003697
                 193,            0.011737,           0.0061497,          0.00042088,             0.98632,              0.9787,             0.98274,             0.91983,            0.007066,           0.0030621,          0.00056787,            0.003664,            0.003664,            0.003664
                 194,            0.011899,           0.0061521,          0.00051273,             0.98741,             0.97933,             0.98307,             0.91963,           0.0070647,            0.003056,          0.00056231,            0.003631,            0.003631,            0.003631
                 195,            0.011575,           0.0062091,          0.00044261,             0.98507,             0.98107,              0.9831,              0.9214,           0.0070451,           0.0030491,          0.00055798,            0.003598,            0.003598,            0.003598
                 196,            0.011638,           0.0061654,          0.00045951,             0.98293,             0.98064,             0.98313,             0.92143,           0.0070778,           0.0030531,          0.00055722,            0.003565,            0.003565,            0.003565
                 197,            0.011576,           0.0061924,          0.00046114,             0.98217,             0.98046,             0.98317,             0.92166,           0.0070816,           0.0030544,          0.00055054,            0.003532,            0.003532,            0.003532
                 198,            0.011668,           0.0063449,          0.00046729,             0.98683,             0.97556,              0.9834,               0.922,           0.0070798,           0.0030485,          0.00054473,            0.003499,            0.003499,            0.003499
                 199,            0.011483,           0.0060924,          0.00046027,             0.98772,             0.97541,             0.98351,             0.92179,           0.0070879,           0.0030514,          0.00053806,            0.003466,            0.003466,            0.003466
                 200,            0.011439,           0.0060202,          0.00048476,              0.9884,             0.97708,             0.98355,              0.9226,           0.0070977,           0.0030501,          0.00053342,            0.003433,            0.003433,            0.003433
                 201,            0.011514,            0.006156,          0.00050201,              0.9922,             0.96921,             0.98334,             0.92083,           0.0071045,           0.0030502,          0.00053144,              0.0034,              0.0034,              0.0034
                 202,            0.011469,           0.0060595,           0.0004892,             0.98556,              0.9762,             0.98354,              0.9219,           0.0071101,           0.0030558,             0.00053,            0.003367,            0.003367,            0.003367
                 203,            0.011423,           0.0060146,          0.00041408,             0.99301,             0.96898,             0.98328,             0.92289,           0.0070996,           0.0030557,          0.00052648,            0.003334,            0.003334,            0.003334
                 204,            0.011502,           0.0060419,          0.00044049,             0.99378,             0.96919,             0.98325,             0.92274,           0.0071084,           0.0030564,          0.00052934,            0.003301,            0.003301,            0.003301
                 205,            0.011352,           0.0061207,          0.00042797,             0.99389,             0.96914,             0.98336,             0.92175,            0.007111,           0.0030575,          0.00053108,            0.003268,            0.003268,            0.003268
                 206,            0.011346,           0.0061293,          0.00040588,             0.99392,             0.96922,             0.98337,              0.9235,           0.0071084,           0.0030572,          0.00052843,            0.003235,            0.003235,            0.003235
                 207,            0.011108,           0.0061255,          0.00040404,             0.99382,             0.96941,              0.9834,             0.92424,           0.0070919,           0.0030502,          0.00052831,            0.003202,            0.003202,            0.003202
                 208,            0.011372,           0.0060649,           0.0004398,             0.99338,             0.96963,             0.98344,             0.92368,           0.0070842,           0.0030544,           0.0005296,            0.003169,            0.003169,            0.003169
                 209,            0.011174,           0.0059885,          0.00039539,             0.99334,             0.96961,              0.9837,             0.92499,           0.0070669,           0.0030545,          0.00052215,            0.003136,            0.003136,            0.003136
                 210,            0.011425,           0.0060454,          0.00053086,             0.99328,             0.96963,             0.98372,             0.92477,           0.0070572,           0.0030557,          0.00052306,            0.003103,            0.003103,            0.003103
                 211,             0.01109,           0.0060015,          0.00039822,             0.99327,             0.96959,             0.98336,             0.92518,           0.0070471,           0.0030546,          0.00052858,             0.00307,             0.00307,             0.00307
                 212,            0.011184,           0.0061118,          0.00043519,              0.9931,             0.96894,             0.98371,             0.92503,           0.0070299,           0.0030454,          0.00052836,            0.003037,            0.003037,            0.003037
                 213,            0.011171,           0.0060493,           0.0004287,             0.99234,             0.96896,             0.98374,             0.92593,            0.007005,           0.0030413,          0.00052726,            0.003004,            0.003004,            0.003004
                 214,            0.011302,            0.006122,          0.00047434,             0.99197,             0.96915,             0.98372,             0.92565,            0.006988,           0.0030336,           0.0005262,            0.002971,            0.002971,            0.002971
                 215,             0.01101,           0.0058736,          0.00040177,             0.99146,             0.96934,             0.98366,              0.9251,           0.0069801,           0.0030311,          0.00052624,            0.002938,            0.002938,            0.002938
                 216,            0.011127,           0.0059894,          0.00041529,             0.99273,             0.96942,             0.98366,              0.9258,           0.0069711,           0.0030316,          0.00052643,            0.002905,            0.002905,            0.002905
                 217,            0.010958,           0.0059226,          0.00042404,             0.99161,             0.96973,             0.98358,             0.92494,           0.0069561,           0.0030271,          0.00052829,            0.002872,            0.002872,            0.002872
                 218,            0.010969,           0.0058023,           0.0003583,             0.99127,             0.96994,             0.98358,             0.92541,           0.0069569,           0.0030276,           0.0005288,            0.002839,            0.002839,            0.002839
                 219,            0.010855,           0.0059488,          0.00039174,             0.98991,             0.97235,             0.98353,             0.92597,           0.0069455,           0.0030262,          0.00053202,            0.002806,            0.002806,            0.002806
                 220,            0.011036,           0.0057855,          0.00039414,             0.98893,             0.97225,             0.98311,             0.92729,           0.0069456,           0.0030261,           0.0005374,            0.002773,            0.002773,            0.002773
                 221,            0.010878,           0.0058838,          0.00036781,             0.98803,             0.97233,             0.98327,              0.9269,            0.006937,           0.0030235,          0.00053746,             0.00274,             0.00274,             0.00274
                 222,            0.010772,            0.005748,          0.00034251,             0.98779,             0.97251,             0.98339,             0.92778,            0.006928,           0.0030195,          0.00053833,            0.002707,            0.002707,            0.002707
                 223,            0.010875,           0.0058354,          0.00038815,             0.98778,             0.97263,             0.98351,             0.92802,           0.0069236,           0.0030167,          0.00053948,            0.002674,            0.002674,            0.002674
                 224,             0.01087,           0.0059155,           0.0004284,             0.98777,             0.97231,             0.98371,             0.92886,           0.0069146,           0.0030116,           0.0005362,            0.002641,            0.002641,            0.002641
                 225,            0.010639,           0.0057661,          0.00032932,             0.98919,             0.97235,             0.98403,             0.92878,           0.0069141,           0.0030081,          0.00053987,            0.002608,            0.002608,            0.002608
                 226,            0.010755,           0.0057908,          0.00033244,              0.9894,             0.97198,             0.98422,             0.92862,           0.0069046,           0.0030003,          0.00054074,            0.002575,            0.002575,            0.002575
                 227,            0.010664,           0.0057856,           0.0003686,             0.98947,             0.97242,              0.9843,             0.92969,           0.0068975,           0.0029961,          0.00054191,            0.002542,            0.002542,            0.002542
                 228,            0.010853,           0.0057566,           0.0004253,             0.98882,             0.97231,             0.98411,             0.92948,           0.0068908,           0.0029912,          0.00054544,            0.002509,            0.002509,            0.002509
                 229,            0.010729,           0.0057177,          0.00043286,              0.9914,             0.96989,             0.98418,             0.92942,           0.0068713,           0.0029825,          0.00054383,            0.002476,            0.002476,            0.002476
                 230,            0.010647,           0.0057669,           0.0003788,             0.99151,             0.96941,             0.98421,             0.92915,           0.0068607,           0.0029776,          0.00054125,            0.002443,            0.002443,            0.002443
                 231,            0.010615,           0.0057344,          0.00038329,             0.99149,             0.96949,              0.9843,             0.92969,           0.0068559,           0.0029752,          0.00053876,             0.00241,             0.00241,             0.00241
                 232,            0.010451,           0.0056669,          0.00032735,             0.99143,             0.96965,             0.98434,             0.92979,           0.0068485,           0.0029733,          0.00053693,            0.002377,            0.002377,            0.002377
                 233,            0.010574,           0.0057249,          0.00034707,             0.99066,             0.97106,              0.9844,             0.92982,           0.0068321,           0.0029676,          0.00053829,            0.002344,            0.002344,            0.002344
                 234,            0.010385,           0.0056438,          0.00035813,              0.9902,             0.97122,             0.98429,              0.9301,           0.0068178,           0.0029658,          0.00054017,            0.002311,            0.002311,            0.002311
                 235,             0.01034,           0.0056863,          0.00032165,              0.9899,              0.9713,              0.9843,             0.92942,           0.0068093,           0.0029639,          0.00053969,            0.002278,            0.002278,            0.002278
                 236,            0.010464,           0.0056283,          0.00039434,              0.9893,             0.97137,             0.98417,             0.92889,            0.006802,           0.0029612,           0.0005389,            0.002245,            0.002245,            0.002245
                 237,            0.010451,           0.0056732,          0.00037553,             0.98929,             0.97158,             0.98408,             0.92965,           0.0067981,           0.0029588,          0.00053578,            0.002212,            0.002212,            0.002212
                 238,            0.010493,           0.0055796,          0.00039689,             0.98872,             0.97222,             0.98399,             0.92948,           0.0067867,           0.0029536,          0.00053485,            0.002179,            0.002179,            0.002179
                 239,            0.010378,           0.0056266,          0.00035769,             0.98789,             0.97231,             0.98389,             0.92929,           0.0067783,           0.0029501,          0.00053196,            0.002146,            0.002146,            0.002146
                 240,            0.010284,           0.0054929,          0.00033206,             0.98794,             0.97227,             0.98404,             0.93062,           0.0067629,           0.0029445,          0.00053118,            0.002113,            0.002113,            0.002113
                 241,            0.010305,           0.0055613,          0.00031842,             0.98761,              0.9723,             0.98406,             0.93048,           0.0067538,           0.0029411,          0.00052886,             0.00208,             0.00208,             0.00208
                 242,            0.010387,           0.0055981,          0.00032983,             0.98739,             0.97232,             0.98412,             0.93012,           0.0067433,            0.002939,          0.00052857,            0.002047,            0.002047,            0.002047
                 243,            0.010248,           0.0056197,          0.00036707,             0.98728,             0.97232,             0.98415,             0.93075,            0.006732,           0.0029354,          0.00052515,            0.002014,            0.002014,            0.002014
                 244,            0.010129,           0.0056734,          0.00039012,             0.98741,             0.97234,             0.98409,             0.93015,           0.0067203,           0.0029321,           0.0005213,            0.001981,            0.001981,            0.001981
                 245,            0.010291,           0.0055869,           0.0003312,             0.98786,             0.97234,             0.98421,              0.9305,           0.0067149,           0.0029293,          0.00051843,            0.001948,            0.001948,            0.001948
                 246,            0.010357,           0.0056051,          0.00035979,             0.98748,             0.97247,             0.98422,             0.93036,           0.0067106,            0.002926,          0.00051701,            0.001915,            0.001915,            0.001915
                 247,            0.010186,           0.0054938,          0.00039341,             0.99515,             0.96508,             0.98425,             0.92952,              0.0067,           0.0029222,           0.0005149,            0.001882,            0.001882,            0.001882
                 248,            0.010248,           0.0056425,          0.00034932,             0.98724,             0.97244,             0.98437,             0.93006,           0.0066908,           0.0029172,          0.00051517,            0.001849,            0.001849,            0.001849
                 249,            0.010286,           0.0055157,          0.00039395,             0.99521,             0.96508,             0.98429,             0.93029,           0.0066809,           0.0029111,          0.00051806,            0.001816,            0.001816,            0.001816
                 250,            0.010238,           0.0056121,          0.00037569,             0.98769,             0.97232,             0.98428,             0.92968,           0.0066724,           0.0029067,          0.00051847,            0.001783,            0.001783,            0.001783
                 251,            0.010123,           0.0053705,          0.00034175,             0.98765,             0.97249,             0.98426,             0.92938,           0.0066625,           0.0029029,          0.00052099,             0.00175,             0.00175,             0.00175
                 252,           0.0099872,           0.0052793,          0.00035227,             0.98767,             0.97474,             0.98683,             0.92898,           0.0066582,           0.0028986,          0.00052268,            0.001717,            0.001717,            0.001717
                 253,           0.0099414,           0.0054315,          0.00030707,             0.98778,             0.97284,             0.98435,             0.92914,            0.006652,           0.0028962,          0.00052179,            0.001684,            0.001684,            0.001684
                 254,           0.0099121,           0.0053913,          0.00032016,             0.98771,               0.973,             0.98444,             0.92955,           0.0066538,           0.0028945,          0.00052139,            0.001651,            0.001651,            0.001651
                 255,            0.010019,           0.0054209,          0.00030964,             0.98758,             0.97335,             0.98462,             0.92992,           0.0066463,            0.002892,          0.00052189,            0.001618,            0.001618,            0.001618
                 256,           0.0099798,           0.0053649,          0.00035825,             0.98752,             0.97373,             0.98467,              0.9291,           0.0066434,           0.0028908,          0.00052111,            0.001585,            0.001585,            0.001585
                 257,            0.009957,           0.0054236,          0.00029328,             0.98747,             0.97385,             0.98467,             0.92893,           0.0066399,            0.002889,          0.00052019,            0.001552,            0.001552,            0.001552
                 258,           0.0098719,           0.0054735,           0.0003454,             0.98745,             0.97394,             0.98476,             0.92909,           0.0066351,           0.0028865,          0.00051791,            0.001519,            0.001519,            0.001519
                 259,           0.0098575,           0.0053304,           0.0003139,             0.98749,             0.97395,             0.98489,             0.92926,           0.0066317,           0.0028855,          0.00051686,            0.001486,            0.001486,            0.001486
                 260,           0.0098805,           0.0053562,           0.0003114,             0.98747,             0.97394,             0.98505,              0.9294,           0.0066265,           0.0028832,          0.00051586,            0.001453,            0.001453,            0.001453
                 261,           0.0096938,           0.0052398,          0.00029607,             0.98749,             0.97395,             0.98514,             0.92932,            0.006624,           0.0028819,          0.00051406,             0.00142,             0.00142,             0.00142
                 262,           0.0098484,            0.005323,          0.00029356,             0.98753,             0.97388,              0.9851,             0.92941,           0.0066195,           0.0028794,          0.00051311,            0.001387,            0.001387,            0.001387
                 263,           0.0098215,           0.0052784,          0.00033702,             0.98759,             0.97379,             0.98514,             0.92944,           0.0066148,           0.0028771,          0.00051202,            0.001354,            0.001354,            0.001354
                 264,           0.0096548,           0.0052196,          0.00030039,             0.98766,             0.97381,             0.98514,             0.93034,           0.0066062,           0.0028746,          0.00051099,            0.001321,            0.001321,            0.001321
                 265,           0.0097617,           0.0052984,          0.00031301,             0.98772,             0.97357,             0.98516,              0.9298,           0.0066022,            0.002872,          0.00051057,            0.001288,            0.001288,            0.001288
                 266,           0.0095874,           0.0051918,          0.00033049,             0.98774,             0.97346,             0.98517,             0.93071,           0.0066005,           0.0028712,           0.0005099,            0.001255,            0.001255,            0.001255
                 267,           0.0096204,            0.005292,          0.00030727,             0.98773,             0.97366,             0.98504,             0.93043,           0.0065941,           0.0028691,          0.00050956,            0.001222,            0.001222,            0.001222
                 268,           0.0096273,           0.0053076,          0.00033815,             0.98781,             0.97378,             0.98505,             0.93052,           0.0065858,           0.0028657,          0.00050978,            0.001189,            0.001189,            0.001189
                 269,           0.0095948,           0.0052913,          0.00030364,             0.99609,             0.96463,             0.98499,             0.93108,           0.0065821,           0.0028645,          0.00050974,            0.001156,            0.001156,            0.001156
                 270,           0.0095608,            0.005195,          0.00029689,             0.99603,             0.96463,             0.98503,             0.93147,           0.0065796,           0.0028636,          0.00050882,            0.001123,            0.001123,            0.001123
                 271,           0.0094113,           0.0052001,          0.00030948,             0.99605,             0.96463,             0.98514,             0.93124,            0.006576,           0.0028628,          0.00050771,             0.00109,             0.00109,             0.00109
                 272,            0.009536,            0.005223,          0.00030962,             0.99589,             0.96463,             0.98519,             0.93122,           0.0065732,           0.0028614,           0.0005072,            0.001057,            0.001057,            0.001057
                 273,           0.0096268,           0.0051282,          0.00029296,             0.99583,             0.96463,             0.98521,             0.93094,           0.0065716,           0.0028604,          0.00050541,            0.001024,            0.001024,            0.001024
                 274,           0.0094275,           0.0052565,          0.00029757,             0.99587,             0.96463,             0.98524,             0.93124,           0.0065707,           0.0028594,          0.00050308,            0.000991,            0.000991,            0.000991
                 275,           0.0093142,           0.0052845,           0.0002853,             0.99582,             0.96463,             0.98529,             0.93159,           0.0065714,           0.0028601,          0.00050129,            0.000958,            0.000958,            0.000958
                 276,           0.0093466,           0.0051116,          0.00028585,             0.99587,             0.96463,             0.98531,             0.93212,           0.0065702,           0.0028578,          0.00050053,            0.000925,            0.000925,            0.000925
                 277,           0.0094347,           0.0051764,          0.00028099,             0.99586,             0.96463,             0.98532,             0.93216,           0.0065693,            0.002857,          0.00049912,            0.000892,            0.000892,            0.000892
                 278,           0.0094746,           0.0051096,          0.00029248,             0.99572,             0.96463,             0.98533,             0.93137,           0.0065722,           0.0028563,          0.00049724,            0.000859,            0.000859,            0.000859
                 279,           0.0094281,           0.0051663,          0.00030261,              0.9957,             0.96463,             0.98536,             0.93176,           0.0065708,           0.0028559,          0.00049552,            0.000826,            0.000826,            0.000826
                 280,           0.0093111,           0.0050955,          0.00024127,             0.99571,             0.96463,             0.98539,               0.932,           0.0065721,           0.0028557,          0.00049526,            0.000793,            0.000793,            0.000793
                 281,           0.0093164,           0.0051162,          0.00031682,             0.99565,             0.96463,             0.98541,             0.93204,           0.0065736,           0.0028549,          0.00049485,             0.00076,             0.00076,             0.00076
                 282,            0.009134,           0.0049733,          0.00031328,              0.9956,             0.96463,             0.98545,             0.93207,           0.0065749,           0.0028553,           0.0004942,            0.000727,            0.000727,            0.000727
                 283,           0.0092356,           0.0049975,          0.00031194,             0.99566,             0.96463,             0.98547,             0.93257,           0.0065764,           0.0028552,          0.00049339,            0.000694,            0.000694,            0.000694
                 284,           0.0093581,              0.0051,          0.00030225,             0.99715,             0.96603,             0.98605,              0.9325,           0.0065735,           0.0028534,          0.00049342,            0.000661,            0.000661,            0.000661
                 285,           0.0090774,           0.0049726,          0.00028033,             0.99731,             0.96603,             0.98604,             0.93181,           0.0065752,           0.0028538,          0.00049324,            0.000628,            0.000628,            0.000628
                 286,           0.0092704,           0.0050931,          0.00028415,             0.99723,             0.96603,             0.98604,             0.93181,           0.0065787,           0.0028542,          0.00049386,            0.000595,            0.000595,            0.000595
                 287,           0.0092963,           0.0050812,           0.0003319,             0.99728,             0.96603,             0.98602,             0.93266,           0.0065814,           0.0028542,          0.00049426,            0.000562,            0.000562,            0.000562
                 288,           0.0091934,           0.0049813,          0.00027288,             0.99725,             0.96603,             0.98602,             0.93194,           0.0065869,           0.0028546,          0.00049535,            0.000529,            0.000529,            0.000529
                 289,           0.0091233,           0.0050948,          0.00025158,             0.99724,             0.96603,             0.98601,             0.93232,           0.0065904,           0.0028548,          0.00049667,            0.000496,            0.000496,            0.000496
                 290,            0.009087,           0.0049382,          0.00027022,             0.99718,             0.96603,             0.98602,             0.93226,           0.0065966,           0.0028553,          0.00049784,            0.000463,            0.000463,            0.000463
                 291,           0.0091052,           0.0049314,          0.00024894,             0.99716,             0.96603,             0.98596,             0.93215,           0.0066055,           0.0028576,          0.00049903,             0.00043,             0.00043,             0.00043
                 292,           0.0090592,           0.0049872,          0.00027807,             0.99718,             0.96603,             0.98596,             0.93135,           0.0066112,           0.0028588,          0.00049992,            0.000397,            0.000397,            0.000397
                 293,           0.0089756,           0.0048543,          0.00028439,             0.99715,             0.96603,             0.98598,             0.93276,           0.0066168,           0.0028607,          0.00050017,            0.000364,            0.000364,            0.000364
                 294,           0.0090336,           0.0049831,          0.00027795,             0.99717,             0.96603,             0.98599,             0.93239,           0.0066241,           0.0028616,          0.00050121,            0.000331,            0.000331,            0.000331
                 295,            0.009091,           0.0049712,          0.00026419,             0.99709,             0.96603,               0.986,             0.93126,           0.0066309,           0.0028632,          0.00050177,            0.000298,            0.000298,            0.000298
                 296,            0.008989,           0.0049391,          0.00028106,              0.9971,             0.96603,             0.98602,             0.93163,           0.0066404,           0.0028654,          0.00050174,            0.000265,            0.000265,            0.000265
                 297,           0.0089104,           0.0049056,          0.00025296,             0.99712,             0.96603,             0.98603,             0.93182,           0.0066502,           0.0028682,          0.00050205,            0.000232,            0.000232,            0.000232
                 298,            0.009065,           0.0049951,          0.00027502,             0.99706,             0.96603,             0.98604,             0.93182,           0.0066555,           0.0028702,          0.00050246,            0.000199,            0.000199,            0.000199
                 299,            0.008923,           0.0049203,          0.00026506,             0.99707,             0.96603,             0.98605,             0.93166,           0.0066644,           0.0028721,           0.0005026,            0.000166,            0.000166,            0.000166
